{
    "rtf": 0.019254713932052255,
    "stoi": 0.5679537122101963
}