{
    "rtf": 0.027747581712280707,
    "stoi": 0.6916921073282077
}