{
    "rtf": 0.027747581712280707,
    "stoi": 0.6889738110101015
}