{
    "rtf": 0.019895060693224272,
    "stoi": 0.9173846383328129
}