{
    "rtf": 0.030173683526615303,
    "stoi": 0.9534711404790008
}