{
    "rtf": 0.030173683526615303,
    "stoi": 0.9536369347025233
}