{
    "rtf": 0.019603958796088894,
    "stoi": 0.8589313258157463
}