{
    "rtf": 0.027673016081253686,
    "stoi": 0.9211812281825057
}