{
    "rtf": 0.027673016081253686,
    "stoi": 0.9215294788592518
}