{
    "rtf": 0.0194175945147872,
    "stoi": 0.9944118445788468
}