{
    "rtf": 0.02979455090252062,
    "stoi": 0.9958629582739972
}