{
    "rtf": 0.01951305473409593,
    "stoi": 0.9767648210237866
}