{
    "rtf": 0.02765851570479572,
    "stoi": 0.9854297569532088
}