{
    "rtf": 0.019748158762852352,
    "stoi": 0.9550869530021896
}