{
    "rtf": 0.028295185260474684,
    "stoi": 0.9734837613764759
}