{
    "rtf": 0.028295185260474684,
    "stoi": 0.9733628142979129
}