{
    "rtf": 0.019965717629219098,
    "stoi": 0.9252406605339026
}