{
    "rtf": 0.027750214479242755,
    "stoi": 0.9586103715613353
}