{
    "rtf": 0.019856551221261422,
    "stoi": 0.7736906834695043
}