{
    "rtf": 0.027888182333360115,
    "stoi": 0.8702884893766378
}