{
    "rtf": 0.027888182333360115,
    "stoi": 0.8709400162079555
}